Filename,Predicted Seed
seed_2_45 Small.jpeg,2
seed_2_72 Small.jpeg,2
seed_1_88 Small.jpeg,1
seed_1_9 Small.jpeg,1
seed_2_27 Small.jpeg,2
seed_2_2 Small.jpeg,2
seed_2_10 Small.jpeg,2
seed_1_22 Small.jpeg,1
seed_1_15 Small.jpeg,1
seed_1_40 Small.jpeg,1
seed_1_77 Small.jpeg,1
seed_1_94 Small.jpeg,1
seed_2_59 Small.jpeg,2
seed_2_91 Small.jpeg,2
seed_2_80 Small.jpeg,1
seed_1_18 Small.jpeg,1
seed_2_48 Small.jpeg,2
seed_1_85 Small.jpeg,1
seed_1_4 Small.jpeg,1
seed_1_66 Small.jpeg,1
seed_1_51 Small.jpeg,1
seed_1_33 Small.jpeg,1
seed_2_36 Small.jpeg,2
2024-12-05_21.07.22.png,2
seed_1_99 Small.jpeg,1
seed_2_63 Small.jpeg,2
seed_2_54 Small.jpeg,2
seed_2_18 Small.jpeg,1
seed_1_1 Small.jpeg,1
seed_1_80 Small.jpeg,1
seed_2_85 Small.jpeg,2
seed_1_48 Small.jpeg,1
seed_2_33 Small.jpeg,2
seed_2_51 Small.jpeg,2
seed_2_66 Small.jpeg,2
seed_1_54 Small.jpeg,1
seed_1_63 Small.jpeg,1
seed_2_99 Small.jpeg,2
seed_1_36 Small.jpeg,1
2024-12-05_21.07.27.png,2
seed_1_10 Small.jpeg,1
2024-12-05_21.07.19.png,2
2024-12-05_21.07.25.png,2
seed_1_27 Small.jpeg,1
seed_2_88 Small.jpeg,2
seed_1_72 Small.jpeg,1
seed_1_45 Small.jpeg,1
seed_2_77 Small.jpeg,1
seed_2_40 Small.jpeg,2
seed_2_15 Small.jpeg,2
seed_2_7 Small.jpeg,2
seed_2_22 Small.jpeg,2
seed_1_59 Small.jpeg,1
seed_2_94 Small.jpeg,2
seed_1_91 Small.jpeg,1
2024-12-05_21.07.24.png,2
seed_1_96 Small.jpeg,1
seed_2_39 Small.jpeg,2
seed_2_93 Small.jpeg,2
seed_1_69 Small.jpeg,1
seed_2_70 Small.jpeg,2
seed_2_47 Small.jpeg,2
seed_2_12 Small.jpeg,2
seed_2_25 Small.jpeg,2
seed_1_17 Small.jpeg,1
seed_1_20 Small.jpeg,1
seed_1_75 Small.jpeg,1
seed_1_42 Small.jpeg,1
seed_1_53 Small.jpeg,1
seed_1_64 Small.jpeg,1
seed_1_31 Small.jpeg,1
seed_2_34 Small.jpeg,2
seed_2_56 Small.jpeg,2
seed_2_61 Small.jpeg,2
seed_1_78 Small.jpeg,1
seed_2_82 Small.jpeg,1
seed_2_28 Small.jpeg,2
seed_1_6 Small.jpeg,1
seed_1_87 Small.jpeg,1
seed_2_31 Small.jpeg,2
seed_2_64 Small.jpeg,2
seed_2_53 Small.jpeg,2
seed_1_61 Small.jpeg,1
seed_1_56 Small.jpeg,1
seed_1_34 Small.jpeg,1
seed_2_8 Small.jpeg,2
seed_1_82 Small.jpeg,1
seed_1_3 Small.jpeg,1
seed_2_78 Small.jpeg,1
seed_2_87 Small.jpeg,2
seed_1_28 Small.jpeg,1
seed_1_39 Small.jpeg,1
seed_2_96 Small.jpeg,2
seed_2_69 Small.jpeg,2
seed_1_93 Small.jpeg,1
seed_1_25 Small.jpeg,1
seed_1_12 Small.jpeg,1
seed_1_47 Small.jpeg,2
seed_1_70 Small.jpeg,1
seed_2_42 Small.jpeg,2
seed_2_75 Small.jpeg,2
seed_2_20 Small.jpeg,2
seed_2_5 Small.jpeg,2
seed_2_17 Small.jpeg,1
seed_2_84 Small.jpeg,2
seed_1_49 Small.jpeg,1
seed_2_19 Small.jpeg,1
seed_1_81 Small.jpeg,1
seed_1_55 Small.jpeg,1
seed_1_62 Small.jpeg,1
seed_2_98 Small.jpeg,1
seed_1_37 Small.jpeg,1
seed_2_32 Small.jpeg,2
seed_2_50 Small.jpeg,2
seed_2_67 Small.jpeg,2
seed_2_76 Small.jpeg,2
seed_2_41 Small.jpeg,2
seed_2_6 Small.jpeg,2
seed_2_14 Small.jpeg,2
seed_2_23 Small.jpeg,2
seed_1_11 Small.jpeg,1
seed_1_26 Small.jpeg,1
seed_2_89 Small.jpeg,2
seed_1_73 Small.jpeg,1
seed_1_44 Small.jpeg,1
seed_1_90 Small.jpeg,1
seed_1_58 Small.jpeg,1
seed_2_95 Small.jpeg,2
seed_1_23 Small.jpeg,1
seed_1_14 Small.jpeg,1
seed_1_41 Small.jpeg,1
seed_1_76 Small.jpeg,1
seed_2_44 Small.jpeg,2
seed_2_73 Small.jpeg,2
seed_1_89 Small.jpeg,1
seed_1_8 Small.jpeg,1
seed_2_26 Small.jpeg,2
seed_2_11 Small.jpeg,2
seed_1_100 Small.jpeg,1
seed_2_3 Small.jpeg,2
seed_2_90 Small.jpeg,2
seed_1_95 Small.jpeg,1
seed_2_58 Small.jpeg,2
seed_2_49 Small.jpeg,2
seed_1_84 Small.jpeg,1
seed_1_5 Small.jpeg,1
seed_2_81 Small.jpeg,1
seed_1_19 Small.jpeg,1
seed_2_37 Small.jpeg,2
seed_1_98 Small.jpeg,1
seed_2_62 Small.jpeg,2
seed_2_55 Small.jpeg,2
seed_1_67 Small.jpeg,1
seed_1_50 Small.jpeg,1
seed_1_32 Small.jpeg,1
seed_1_60 Small.jpeg,1
seed_1_57 Small.jpeg,1
2024-12-05_21.07.29.png,2
seed_1_35 Small.jpeg,1
seed_2_30 Small.jpeg,2
seed_2_65 Small.jpeg,2
seed_2_52 Small.jpeg,2
seed_2_86 Small.jpeg,2
seed_1_29 Small.jpeg,1
seed_2_9 Small.jpeg,2
2024-12-05_21.07.28.png,2
seed_1_83 Small.jpeg,1
seed_1_2 Small.jpeg,1
seed_2_79 Small.jpeg,1
seed_2_68 Small.jpeg,2
seed_1_92 Small.jpeg,1
seed_1_38 Small.jpeg,1
seed_2_97 Small.jpeg,1
seed_2_43 Small.jpeg,2
seed_2_74 Small.jpeg,2
seed_2_21 Small.jpeg,2
seed_2_16 Small.jpeg,2
seed_2_4 Small.jpeg,2
seed_1_24 Small.jpeg,1
seed_1_13 Small.jpeg,1
seed_1_46 Small.jpeg,2
seed_1_71 Small.jpeg,1
seed_2_92 Small.jpeg,2
seed_1_68 Small.jpeg,1
seed_1_97 Small.jpeg,1
seed_2_38 Small.jpeg,2
seed_1_16 Small.jpeg,1
seed_1_21 Small.jpeg,1
seed_2_100 Small.jpeg,2
seed_1_74 Small.jpeg,1
seed_1_43 Small.jpeg,1
seed_2_71 Small.jpeg,2
seed_2_46 Small.jpeg,2
seed_2_1 Small.jpeg,2
seed_2_13 Small.jpeg,2
seed_2_24 Small.jpeg,2
seed_2_35 Small.jpeg,2
2024-12-05_21.07.29_2.png,2
seed_2_57 Small.jpeg,2
seed_2_60 Small.jpeg,2
seed_1_52 Small.jpeg,1
seed_1_65 Small.jpeg,1
image.png,1
seed_1_30 Small.jpeg,1
seed_2_29 Small.jpeg,2
seed_1_7 Small.jpeg,1
seed_1_86 Small.jpeg,1
seed_1_79 Small.jpeg,1
seed_2_83 Small.jpeg,2